<?xml version="1.0" encoding="UTF-8"?>
<root>
  <item name="io.intercom.android.sdk.models.Part java.lang.String getSeenByAdmin()">
    <annotation name="android.support.annotation.StringDef">
      <val name="value" val="{io.intercom.android.sdk.annotations.SeenState.SEEN, io.intercom.android.sdk.annotations.SeenState.UNSEEN, io.intercom.android.sdk.annotations.SeenState.HIDE}" />
    </annotation>
  </item>
  <item name="io.intercom.android.sdk.models.Part seenByAdmin">
    <annotation name="android.support.annotation.StringDef">
      <val name="value" val="{io.intercom.android.sdk.annotations.SeenState.SEEN, io.intercom.android.sdk.annotations.SeenState.UNSEEN, io.intercom.android.sdk.annotations.SeenState.HIDE}" />
    </annotation>
  </item>
  <item name="io.intercom.android.sdk.models.Part void setSeenByAdmin(java.lang.String) 0">
    <annotation name="android.support.annotation.StringDef">
      <val name="value" val="{io.intercom.android.sdk.annotations.SeenState.SEEN, io.intercom.android.sdk.annotations.SeenState.UNSEEN, io.intercom.android.sdk.annotations.SeenState.HIDE}" />
    </annotation>
  </item>
  <item name="io.intercom.android.sdk.models.Part.Builder seen_by_admin">
    <annotation name="android.support.annotation.StringDef">
      <val name="value" val="{io.intercom.android.sdk.annotations.SeenState.SEEN, io.intercom.android.sdk.annotations.SeenState.UNSEEN, io.intercom.android.sdk.annotations.SeenState.HIDE}" />
    </annotation>
  </item>
</root>

